question,answer
How can I invest in stocks?,"To invest in stocks, you need to open a brokerage account, fund it, and then buy shares of companies through the stock exchange."
How does online banking work?,"Online banking allows you to manage your bank accounts, transfer funds, pay bills, and monitor transactions through the internet."
What is a fixed deposit?,A fixed deposit is a financial instrument where you deposit a lump sum amount for a fixed period at a predetermined interest rate.
What is the stock market?,The stock market is a platform where investors can buy and sell shares of publicly traded companies.
What is a fixed deposit?,A fixed deposit is a financial instrument where you deposit a lump sum amount for a fixed period at a predetermined interest rate.
How do I open a savings account?,"To open a savings account, visit a bank branch or apply online by providing your personal and financial details."
How can I invest in stocks?,"To invest in stocks, you need to open a brokerage account, fund it, and then buy shares of companies through the stock exchange."
What is the stock market?,The stock market is a platform where investors can buy and sell shares of publicly traded companies.
What is compound interest?,Compound interest is the interest on a loan or deposit calculated based on both the initial principal and the accumulated interest from previous periods.
What is a mutual fund?,A mutual fund is a type of investment that pools money from many investors to purchase securities.
How can I improve my credit score?,"To improve your credit score, pay your bills on time, reduce debt, avoid applying for new credit frequently, and maintain a good credit history."
What is a fixed deposit?,A fixed deposit is a financial instrument where you deposit a lump sum amount for a fixed period at a predetermined interest rate.
What is compound interest?,Compound interest is the interest on a loan or deposit calculated based on both the initial principal and the accumulated interest from previous periods.
What is the stock market?,The stock market is a platform where investors can buy and sell shares of publicly traded companies.
What is compound interest?,Compound interest is the interest on a loan or deposit calculated based on both the initial principal and the accumulated interest from previous periods.
How can I invest in stocks?,"To invest in stocks, you need to open a brokerage account, fund it, and then buy shares of companies through the stock exchange."
What is a mutual fund?,A mutual fund is a type of investment that pools money from many investors to purchase securities.
How can I invest in stocks?,"To invest in stocks, you need to open a brokerage account, fund it, and then buy shares of companies through the stock exchange."
What is a mutual fund?,A mutual fund is a type of investment that pools money from many investors to purchase securities.
How does online banking work?,"Online banking allows you to manage your bank accounts, transfer funds, pay bills, and monitor transactions through the internet."
What is the stock market?,The stock market is a platform where investors can buy and sell shares of publicly traded companies.
How does online banking work?,"Online banking allows you to manage your bank accounts, transfer funds, pay bills, and monitor transactions through the internet."
How do I apply for a credit card?,You can apply online or visit a bank branch to apply for a credit card.
How can I improve my credit score?,"To improve your credit score, pay your bills on time, reduce debt, avoid applying for new credit frequently, and maintain a good credit history."
How can I invest in stocks?,"To invest in stocks, you need to open a brokerage account, fund it, and then buy shares of companies through the stock exchange."
How do I apply for a credit card?,You can apply online or visit a bank branch to apply for a credit card.
How do I open a savings account?,"To open a savings account, visit a bank branch or apply online by providing your personal and financial details."
What is a fixed deposit?,A fixed deposit is a financial instrument where you deposit a lump sum amount for a fixed period at a predetermined interest rate.
How does online banking work?,"Online banking allows you to manage your bank accounts, transfer funds, pay bills, and monitor transactions through the internet."
How can I improve my credit score?,"To improve your credit score, pay your bills on time, reduce debt, avoid applying for new credit frequently, and maintain a good credit history."
What is the stock market?,The stock market is a platform where investors can buy and sell shares of publicly traded companies.
What is the stock market?,The stock market is a platform where investors can buy and sell shares of publicly traded companies.
What is compound interest?,Compound interest is the interest on a loan or deposit calculated based on both the initial principal and the accumulated interest from previous periods.
What is a mutual fund?,A mutual fund is a type of investment that pools money from many investors to purchase securities.
How can I invest in stocks?,"To invest in stocks, you need to open a brokerage account, fund it, and then buy shares of companies through the stock exchange."
How do I open a savings account?,"To open a savings account, visit a bank branch or apply online by providing your personal and financial details."
How can I invest in stocks?,"To invest in stocks, you need to open a brokerage account, fund it, and then buy shares of companies through the stock exchange."
How do I open a savings account?,"To open a savings account, visit a bank branch or apply online by providing your personal and financial details."
How can I invest in stocks?,"To invest in stocks, you need to open a brokerage account, fund it, and then buy shares of companies through the stock exchange."
What is compound interest?,Compound interest is the interest on a loan or deposit calculated based on both the initial principal and the accumulated interest from previous periods.
How does online banking work?,"Online banking allows you to manage your bank accounts, transfer funds, pay bills, and monitor transactions through the internet."
What is a fixed deposit?,A fixed deposit is a financial instrument where you deposit a lump sum amount for a fixed period at a predetermined interest rate.
How do I apply for a credit card?,You can apply online or visit a bank branch to apply for a credit card.
How does online banking work?,"Online banking allows you to manage your bank accounts, transfer funds, pay bills, and monitor transactions through the internet."
What is the difference between a debit and credit card?,"A debit card allows you to spend money from your account, while a credit card lets you borrow money up to a certain limit."
What is compound interest?,Compound interest is the interest on a loan or deposit calculated based on both the initial principal and the accumulated interest from previous periods.
How can I invest in stocks?,"To invest in stocks, you need to open a brokerage account, fund it, and then buy shares of companies through the stock exchange."
What is the difference between a debit and credit card?,"A debit card allows you to spend money from your account, while a credit card lets you borrow money up to a certain limit."
How do I apply for a credit card?,You can apply online or visit a bank branch to apply for a credit card.
What is a fixed deposit?,A fixed deposit is a financial instrument where you deposit a lump sum amount for a fixed period at a predetermined interest rate.
What is the difference between a debit and credit card?,"A debit card allows you to spend money from your account, while a credit card lets you borrow money up to a certain limit."
How do I apply for a credit card?,You can apply online or visit a bank branch to apply for a credit card.
What is compound interest?,Compound interest is the interest on a loan or deposit calculated based on both the initial principal and the accumulated interest from previous periods.
How can I invest in stocks?,"To invest in stocks, you need to open a brokerage account, fund it, and then buy shares of companies through the stock exchange."
What is the difference between a debit and credit card?,"A debit card allows you to spend money from your account, while a credit card lets you borrow money up to a certain limit."
What is a fixed deposit?,A fixed deposit is a financial instrument where you deposit a lump sum amount for a fixed period at a predetermined interest rate.
What is the stock market?,The stock market is a platform where investors can buy and sell shares of publicly traded companies.
What is compound interest?,Compound interest is the interest on a loan or deposit calculated based on both the initial principal and the accumulated interest from previous periods.
What is a fixed deposit?,A fixed deposit is a financial instrument where you deposit a lump sum amount for a fixed period at a predetermined interest rate.
What is compound interest?,Compound interest is the interest on a loan or deposit calculated based on both the initial principal and the accumulated interest from previous periods.
What is the stock market?,The stock market is a platform where investors can buy and sell shares of publicly traded companies.
What is a mutual fund?,A mutual fund is a type of investment that pools money from many investors to purchase securities.
How can I invest in stocks?,"To invest in stocks, you need to open a brokerage account, fund it, and then buy shares of companies through the stock exchange."
How does online banking work?,"Online banking allows you to manage your bank accounts, transfer funds, pay bills, and monitor transactions through the internet."
How do I open a savings account?,"To open a savings account, visit a bank branch or apply online by providing your personal and financial details."
How can I invest in stocks?,"To invest in stocks, you need to open a brokerage account, fund it, and then buy shares of companies through the stock exchange."
What is a fixed deposit?,A fixed deposit is a financial instrument where you deposit a lump sum amount for a fixed period at a predetermined interest rate.
What is the stock market?,The stock market is a platform where investors can buy and sell shares of publicly traded companies.
How can I improve my credit score?,"To improve your credit score, pay your bills on time, reduce debt, avoid applying for new credit frequently, and maintain a good credit history."
What is a fixed deposit?,A fixed deposit is a financial instrument where you deposit a lump sum amount for a fixed period at a predetermined interest rate.
What is a fixed deposit?,A fixed deposit is a financial instrument where you deposit a lump sum amount for a fixed period at a predetermined interest rate.
What is a fixed deposit?,A fixed deposit is a financial instrument where you deposit a lump sum amount for a fixed period at a predetermined interest rate.
What is the difference between a debit and credit card?,"A debit card allows you to spend money from your account, while a credit card lets you borrow money up to a certain limit."
How do I open a savings account?,"To open a savings account, visit a bank branch or apply online by providing your personal and financial details."
How do I apply for a credit card?,You can apply online or visit a bank branch to apply for a credit card.
What is the difference between a debit and credit card?,"A debit card allows you to spend money from your account, while a credit card lets you borrow money up to a certain limit."
How can I improve my credit score?,"To improve your credit score, pay your bills on time, reduce debt, avoid applying for new credit frequently, and maintain a good credit history."
How do I open a savings account?,"To open a savings account, visit a bank branch or apply online by providing your personal and financial details."
How can I invest in stocks?,"To invest in stocks, you need to open a brokerage account, fund it, and then buy shares of companies through the stock exchange."
What is a fixed deposit?,A fixed deposit is a financial instrument where you deposit a lump sum amount for a fixed period at a predetermined interest rate.
What is a mutual fund?,A mutual fund is a type of investment that pools money from many investors to purchase securities.
What is the difference between a debit and credit card?,"A debit card allows you to spend money from your account, while a credit card lets you borrow money up to a certain limit."
How can I improve my credit score?,"To improve your credit score, pay your bills on time, reduce debt, avoid applying for new credit frequently, and maintain a good credit history."
What is a mutual fund?,A mutual fund is a type of investment that pools money from many investors to purchase securities.
How can I improve my credit score?,"To improve your credit score, pay your bills on time, reduce debt, avoid applying for new credit frequently, and maintain a good credit history."
What is compound interest?,Compound interest is the interest on a loan or deposit calculated based on both the initial principal and the accumulated interest from previous periods.
What is compound interest?,Compound interest is the interest on a loan or deposit calculated based on both the initial principal and the accumulated interest from previous periods.
What is a mutual fund?,A mutual fund is a type of investment that pools money from many investors to purchase securities.
What is compound interest?,Compound interest is the interest on a loan or deposit calculated based on both the initial principal and the accumulated interest from previous periods.
What is a fixed deposit?,A fixed deposit is a financial instrument where you deposit a lump sum amount for a fixed period at a predetermined interest rate.
How do I apply for a credit card?,You can apply online or visit a bank branch to apply for a credit card.
What is compound interest?,Compound interest is the interest on a loan or deposit calculated based on both the initial principal and the accumulated interest from previous periods.
What is a mutual fund?,A mutual fund is a type of investment that pools money from many investors to purchase securities.
What is compound interest?,Compound interest is the interest on a loan or deposit calculated based on both the initial principal and the accumulated interest from previous periods.
How do I open a savings account?,"To open a savings account, visit a bank branch or apply online by providing your personal and financial details."
What is the stock market?,The stock market is a platform where investors can buy and sell shares of publicly traded companies.
How does online banking work?,"Online banking allows you to manage your bank accounts, transfer funds, pay bills, and monitor transactions through the internet."
What is a mutual fund?,A mutual fund is a type of investment that pools money from many investors to purchase securities.
How do I open a savings account?,"To open a savings account, visit a bank branch or apply online by providing your personal and financial details."
How can I improve my credit score?,"To improve your credit score, pay your bills on time, reduce debt, avoid applying for new credit frequently, and maintain a good credit history."
How can I improve my credit score?,"To improve your credit score, pay your bills on time, reduce debt, avoid applying for new credit frequently, and maintain a good credit history."
What is compound interest?,Compound interest is the interest on a loan or deposit calculated based on both the initial principal and the accumulated interest from previous periods.
What is a fixed deposit?,A fixed deposit is a financial instrument where you deposit a lump sum amount for a fixed period at a predetermined interest rate.
What is a fixed deposit?,A fixed deposit is a financial instrument where you deposit a lump sum amount for a fixed period at a predetermined interest rate.
How does online banking work?,"Online banking allows you to manage your bank accounts, transfer funds, pay bills, and monitor transactions through the internet."
What is the stock market?,The stock market is a platform where investors can buy and sell shares of publicly traded companies.
How do I open a savings account?,"To open a savings account, visit a bank branch or apply online by providing your personal and financial details."
How can I improve my credit score?,"To improve your credit score, pay your bills on time, reduce debt, avoid applying for new credit frequently, and maintain a good credit history."
How do I apply for a credit card?,You can apply online or visit a bank branch to apply for a credit card.
What is the stock market?,The stock market is a platform where investors can buy and sell shares of publicly traded companies.
How can I improve my credit score?,"To improve your credit score, pay your bills on time, reduce debt, avoid applying for new credit frequently, and maintain a good credit history."
What is compound interest?,Compound interest is the interest on a loan or deposit calculated based on both the initial principal and the accumulated interest from previous periods.
How can I improve my credit score?,"To improve your credit score, pay your bills on time, reduce debt, avoid applying for new credit frequently, and maintain a good credit history."
What is compound interest?,Compound interest is the interest on a loan or deposit calculated based on both the initial principal and the accumulated interest from previous periods.
What is the stock market?,The stock market is a platform where investors can buy and sell shares of publicly traded companies.
What is a mutual fund?,A mutual fund is a type of investment that pools money from many investors to purchase securities.
How does online banking work?,"Online banking allows you to manage your bank accounts, transfer funds, pay bills, and monitor transactions through the internet."
How do I open a savings account?,"To open a savings account, visit a bank branch or apply online by providing your personal and financial details."
How can I improve my credit score?,"To improve your credit score, pay your bills on time, reduce debt, avoid applying for new credit frequently, and maintain a good credit history."
What is the stock market?,The stock market is a platform where investors can buy and sell shares of publicly traded companies.
How can I improve my credit score?,"To improve your credit score, pay your bills on time, reduce debt, avoid applying for new credit frequently, and maintain a good credit history."
What is the difference between a debit and credit card?,"A debit card allows you to spend money from your account, while a credit card lets you borrow money up to a certain limit."
How does online banking work?,"Online banking allows you to manage your bank accounts, transfer funds, pay bills, and monitor transactions through the internet."
What is compound interest?,Compound interest is the interest on a loan or deposit calculated based on both the initial principal and the accumulated interest from previous periods.
What is a mutual fund?,A mutual fund is a type of investment that pools money from many investors to purchase securities.
How can I improve my credit score?,"To improve your credit score, pay your bills on time, reduce debt, avoid applying for new credit frequently, and maintain a good credit history."
What is a fixed deposit?,A fixed deposit is a financial instrument where you deposit a lump sum amount for a fixed period at a predetermined interest rate.
How does online banking work?,"Online banking allows you to manage your bank accounts, transfer funds, pay bills, and monitor transactions through the internet."
What is the stock market?,The stock market is a platform where investors can buy and sell shares of publicly traded companies.
What is the stock market?,The stock market is a platform where investors can buy and sell shares of publicly traded companies.
How do I apply for a credit card?,You can apply online or visit a bank branch to apply for a credit card.
How does online banking work?,"Online banking allows you to manage your bank accounts, transfer funds, pay bills, and monitor transactions through the internet."
What is compound interest?,Compound interest is the interest on a loan or deposit calculated based on both the initial principal and the accumulated interest from previous periods.
What is a mutual fund?,A mutual fund is a type of investment that pools money from many investors to purchase securities.
What is the difference between a debit and credit card?,"A debit card allows you to spend money from your account, while a credit card lets you borrow money up to a certain limit."
How do I apply for a credit card?,You can apply online or visit a bank branch to apply for a credit card.
How do I apply for a credit card?,You can apply online or visit a bank branch to apply for a credit card.
What is the difference between a debit and credit card?,"A debit card allows you to spend money from your account, while a credit card lets you borrow money up to a certain limit."
How can I invest in stocks?,"To invest in stocks, you need to open a brokerage account, fund it, and then buy shares of companies through the stock exchange."
How do I apply for a credit card?,You can apply online or visit a bank branch to apply for a credit card.
What is a mutual fund?,A mutual fund is a type of investment that pools money from many investors to purchase securities.
How do I open a savings account?,"To open a savings account, visit a bank branch or apply online by providing your personal and financial details."
What is a mutual fund?,A mutual fund is a type of investment that pools money from many investors to purchase securities.
What is a mutual fund?,A mutual fund is a type of investment that pools money from many investors to purchase securities.
How do I apply for a credit card?,You can apply online or visit a bank branch to apply for a credit card.
What is a mutual fund?,A mutual fund is a type of investment that pools money from many investors to purchase securities.
How does online banking work?,"Online banking allows you to manage your bank accounts, transfer funds, pay bills, and monitor transactions through the internet."
What is a fixed deposit?,A fixed deposit is a financial instrument where you deposit a lump sum amount for a fixed period at a predetermined interest rate.
How can I invest in stocks?,"To invest in stocks, you need to open a brokerage account, fund it, and then buy shares of companies through the stock exchange."
How can I improve my credit score?,"To improve your credit score, pay your bills on time, reduce debt, avoid applying for new credit frequently, and maintain a good credit history."
What is compound interest?,Compound interest is the interest on a loan or deposit calculated based on both the initial principal and the accumulated interest from previous periods.
How can I improve my credit score?,"To improve your credit score, pay your bills on time, reduce debt, avoid applying for new credit frequently, and maintain a good credit history."
How can I improve my credit score?,"To improve your credit score, pay your bills on time, reduce debt, avoid applying for new credit frequently, and maintain a good credit history."
How do I apply for a credit card?,You can apply online or visit a bank branch to apply for a credit card.
What is a fixed deposit?,A fixed deposit is a financial instrument where you deposit a lump sum amount for a fixed period at a predetermined interest rate.
How do I apply for a credit card?,You can apply online or visit a bank branch to apply for a credit card.
What is the difference between a debit and credit card?,"A debit card allows you to spend money from your account, while a credit card lets you borrow money up to a certain limit."
How does online banking work?,"Online banking allows you to manage your bank accounts, transfer funds, pay bills, and monitor transactions through the internet."
What is the difference between a debit and credit card?,"A debit card allows you to spend money from your account, while a credit card lets you borrow money up to a certain limit."
How does online banking work?,"Online banking allows you to manage your bank accounts, transfer funds, pay bills, and monitor transactions through the internet."
How can I improve my credit score?,"To improve your credit score, pay your bills on time, reduce debt, avoid applying for new credit frequently, and maintain a good credit history."
What is compound interest?,Compound interest is the interest on a loan or deposit calculated based on both the initial principal and the accumulated interest from previous periods.
What is the difference between a debit and credit card?,"A debit card allows you to spend money from your account, while a credit card lets you borrow money up to a certain limit."
How can I improve my credit score?,"To improve your credit score, pay your bills on time, reduce debt, avoid applying for new credit frequently, and maintain a good credit history."
How can I invest in stocks?,"To invest in stocks, you need to open a brokerage account, fund it, and then buy shares of companies through the stock exchange."
How do I apply for a credit card?,You can apply online or visit a bank branch to apply for a credit card.
What is a fixed deposit?,A fixed deposit is a financial instrument where you deposit a lump sum amount for a fixed period at a predetermined interest rate.
What is the difference between a debit and credit card?,"A debit card allows you to spend money from your account, while a credit card lets you borrow money up to a certain limit."
How can I improve my credit score?,"To improve your credit score, pay your bills on time, reduce debt, avoid applying for new credit frequently, and maintain a good credit history."
What is a mutual fund?,A mutual fund is a type of investment that pools money from many investors to purchase securities.
What is compound interest?,Compound interest is the interest on a loan or deposit calculated based on both the initial principal and the accumulated interest from previous periods.
How can I improve my credit score?,"To improve your credit score, pay your bills on time, reduce debt, avoid applying for new credit frequently, and maintain a good credit history."
How do I apply for a credit card?,You can apply online or visit a bank branch to apply for a credit card.
What is compound interest?,Compound interest is the interest on a loan or deposit calculated based on both the initial principal and the accumulated interest from previous periods.
How do I open a savings account?,"To open a savings account, visit a bank branch or apply online by providing your personal and financial details."
How do I apply for a credit card?,You can apply online or visit a bank branch to apply for a credit card.
How do I apply for a credit card?,You can apply online or visit a bank branch to apply for a credit card.
What is the stock market?,The stock market is a platform where investors can buy and sell shares of publicly traded companies.
What is the difference between a debit and credit card?,"A debit card allows you to spend money from your account, while a credit card lets you borrow money up to a certain limit."
What is a fixed deposit?,A fixed deposit is a financial instrument where you deposit a lump sum amount for a fixed period at a predetermined interest rate.
What is a mutual fund?,A mutual fund is a type of investment that pools money from many investors to purchase securities.
How can I improve my credit score?,"To improve your credit score, pay your bills on time, reduce debt, avoid applying for new credit frequently, and maintain a good credit history."
What is a mutual fund?,A mutual fund is a type of investment that pools money from many investors to purchase securities.
How can I improve my credit score?,"To improve your credit score, pay your bills on time, reduce debt, avoid applying for new credit frequently, and maintain a good credit history."
What is compound interest?,Compound interest is the interest on a loan or deposit calculated based on both the initial principal and the accumulated interest from previous periods.
How can I improve my credit score?,"To improve your credit score, pay your bills on time, reduce debt, avoid applying for new credit frequently, and maintain a good credit history."
How does online banking work?,"Online banking allows you to manage your bank accounts, transfer funds, pay bills, and monitor transactions through the internet."
How can I invest in stocks?,"To invest in stocks, you need to open a brokerage account, fund it, and then buy shares of companies through the stock exchange."
What is the stock market?,The stock market is a platform where investors can buy and sell shares of publicly traded companies.
What is the stock market?,The stock market is a platform where investors can buy and sell shares of publicly traded companies.
How do I open a savings account?,"To open a savings account, visit a bank branch or apply online by providing your personal and financial details."
What is the difference between a debit and credit card?,"A debit card allows you to spend money from your account, while a credit card lets you borrow money up to a certain limit."
How can I improve my credit score?,"To improve your credit score, pay your bills on time, reduce debt, avoid applying for new credit frequently, and maintain a good credit history."
What is the stock market?,The stock market is a platform where investors can buy and sell shares of publicly traded companies.
How do I apply for a credit card?,You can apply online or visit a bank branch to apply for a credit card.
What is compound interest?,Compound interest is the interest on a loan or deposit calculated based on both the initial principal and the accumulated interest from previous periods.
How can I invest in stocks?,"To invest in stocks, you need to open a brokerage account, fund it, and then buy shares of companies through the stock exchange."
How do I apply for a credit card?,You can apply online or visit a bank branch to apply for a credit card.
How can I improve my credit score?,"To improve your credit score, pay your bills on time, reduce debt, avoid applying for new credit frequently, and maintain a good credit history."
What is the difference between a debit and credit card?,"A debit card allows you to spend money from your account, while a credit card lets you borrow money up to a certain limit."